{
	"menu_id" : "berserkerQOL_menu",
	"parent_menu_id" : "blt_options",
	"title" : "berserkerQOL_menu_title",
	"description" : "berserkerQOL_menu_desc",
	"focus_changed_callback" : "berserkerQOL_focus_changed_callback",
	"items" : [
		{
			"type" : "multiple_choice",
			"id" : "berserkerQOL_cc",
			"title" : "berserkerQOL_cc_title",
			"description" : "berserkerQOL_cc_desc",
			"callback" : "berserkerQOL_callback_cc",
			"value" : "_cc_cancer",
			"items" : [
				"berserkerQOL_default",
				"berserkerQOL_never_block",
				"berserkerQOL_has_berserker",
				"berserkerQOL_always_block"
			]
		},
		{
			"type" : "multiple_choice",
			"id" : "berserkerQOL_maniac",
			"title" : "berserkerQOL_maniac_title",
			"description" : "berserkerQOL_maniac_desc",
			"callback" : "berserkerQOL_callback_maniac",
			"value" : "_maniac_cancer",
			"items" : [
				"berserkerQOL_default",
				"berserkerQOL_never_block",
				"berserkerQOL_has_berserker",
				"berserkerQOL_always_block"
			]
		},
		{
			"type" : "multiple_choice",
			"id" : "berserkerQOL_qf",
			"title" : "berserkerQOL_qf_title",
			"description" : "berserkerQOL_qf_desc",
			"callback" : "berserkerQOL_callback_qf",
			"value" : "_qf_cancer",
			"items" : [
				"berserkerQOL_default",
				"berserkerQOL_never_block",
				"berserkerQOL_has_berserker",
				"berserkerQOL_always_block",
				"berserkerQOL_block_qf"
			]
		},
		{
			"type" : "multiple_choice",
			"id" : "berserkerQOL_ai_armor",
			"title" : "berserkerQOL_ai_armor_title",
			"description" : "berserkerQOL_ai_armor_desc",
			"callback" : "berserkerQOL_callback_ai_armor",
			"value" : "_ai_armor_cancer",
			"items" : [
				"berserkerQOL_default",
				"berserkerQOL_never_block",
				"berserkerQOL_has_berserker",
				"berserkerQOL_always_block"
			]
		},
		{
			"type" : "multiple_choice",
			"id" : "berserkerQOL_ai_hp",
			"title" : "berserkerQOL_ai_hp_title",
			"description" : "berserkerQOL_ai_hp_desc",
			"callback" : "berserkerQOL_callback_ai_hp",
			"value" : "_ai_hp_cancer",
			"items" : [
				"berserkerQOL_default",
				"berserkerQOL_never_block",
				"berserkerQOL_has_berserker",
				"berserkerQOL_always_block"
			]
		},
		{
			"type" : "multiple_choice",
			"id" : "berserkerQOL_cm",
			"title" : "berserkerQOL_cm_title",
			"description" : "berserkerQOL_cm_desc",
			"callback" : "berserkerQOL_callback_cm",
			"value" : "_combatmedic_cancer",
			"items" : [
				"berserkerQOL_default",
				"berserkerQOL_never_block",
				"berserkerQOL_has_berserker",
				"berserkerQOL_always_block"
			]
		},
		{
			"type" : "multiple_choice",
			"id" : "berserkerQOL_ff",
			"title" : "berserkerQOL_ff_title",
			"description" : "berserkerQOL_ff_desc",
			"callback" : "berserkerQOL_callback_ff",
			"value" : "_ff_cancer",
			"items" : [
				"berserkerQOL_default",
				"berserkerQOL_never_block",
				"berserkerQOL_has_berserker",
				"berserkerQOL_always_block"
			]
		},
		{
			"type" : "divider",
			"size" : 24
		},
		{
			"type" : "multiple_choice",
			"id" : "berserkerQOL_skillset",
			"title" : "berserkerQOL_skillset_title",
			"description" : "berserkerQOL_skillset_desc",
			"callback" : "berserkerQOL_callback_skillset",
			"items" : []
		},
		{
			"type" : "button",
			"id" : "berserkerQOL_apply",
			"title" : "berserkerQOL_apply_title",
			"callback" : "berserkerQOL_callback_apply"
		},
		{
			"type" : "divider",
			"size" : 24
		},
		{
			"type" : "slider",
			"id" : "berserkerQOL_test_percent",
			"title" : "berserkerQOL_test_title",
			"description" : "berserkerQOL_test_desc",
			"callback" : "berserkerQOL_callback_test_percent",
			"value" : "testing_level",
			"min" : 0,
			"max" : 1,
			"step" : 0.01
		},
		{
			"type" : "button",
			"id" : "berserkerQOL_apply_zerk",
			"title" : "berserkerQOL_apply_zerk_title",
			"callback" : "berserkerQOL_callback_apply_zerk"
		}
	]
}
