{
	"menu_id" : "berserkerQOL_menu",
	"parent_menu_id" : "blt_options",
	"title" : "berserkerQOL_menu",
	"description" : "berserkerQOL_menu_desc",
	"items" : [
		{
			"type" : "multiple_choice",
			"id" : "berserkerQOL_cc",
			"title" : "berserkerQOL_cc_title",
			"description" : "berserkerQOL_cc_desc",
			"callback" : "berserkerQOL_callback_cc",
			"items" : [
				"berserkerQOL_default",
				"berserkerQOL_has_berserker",
				"berserkerQOL_always_block"
			],
			"value" : "berserkerQOL_cc_value"
		},
		{
			"type" : "multiple_choice",
			"id" : "berserkerQOL_maniac",
			"title" : "berserkerQOL_maniac_title",
			"description" : "berserkerQOL_maniac_desc",
			"callback" : "berserkerQOL_callback_maniac",
			"items" : [
				"berserkerQOL_default",
				"berserkerQOL_has_berserker",
				"berserkerQOL_always_block"
			],
			"value" : "berserkerQOL_maniac_value"
		},
		{
			"type" : "multiple_choice",
			"id" : "berserkerQOL_hacker",
			"title" : "berserkerQOL_hacker_title",
			"description" : "berserkerQOL_hacker_desc",
			"callback" : "berserkerQOL_callback_hacker",
			"items" : [
				"berserkerQOL_default",
				"berserkerQOL_has_berserker",
				"berserkerQOL_always_block"
			],
			"value" : "berserkerQOL_hacker_value"
		},
		{
			"type" : "multiple_choice",
			"id" : "berserkerQOL_tt",
			"title" : "berserkerQOL_tt_title",
			"description" : "berserkerQOL_tt_desc",
			"callback" : "berserkerQOL_callback_tt",
			"items" : [
				"berserkerQOL_default",
				"berserkerQOL_has_berserker",
				"berserkerQOL_always_block"
			],
			"value" : "berserkerQOL_tt_value"
		},
		{
			"type" : "multiple_choice",
			"id" : "berserkerQOL_qf",
			"title" : "berserkerQOL_qf_title",
			"description" : "berserkerQOL_qf_desc",
			"callback" : "berserkerQOL_callback_qf",
			"items" : [
				"berserkerQOL_default",
				"berserkerQOL_has_berserker",
				"berserkerQOL_always_block"
			],
			"value" : "berserkerQOL_qf_value"
		},
		{
			"type" : "multiple_choice",
			"id" : "berserkerQOL_leech",
			"title" : "berserkerQOL_leech_title",
			"description" : "berserkerQOL_leech_desc",
			"callback" : "berserkerQOL_callback_leech",
			"items" : [
				"berserkerQOL_default",
				"berserkerQOL_has_berserker",
				"berserkerQOL_always_block"
			],
			"value" : "berserkerQOL_leech_value"
		},
		{
			"type" : "multiple_choice",
			"id" : "berserkerQOL_ai_armor",
			"title" : "berserkerQOL_ai_armor_title",
			"description" : "berserkerQOL_ai_armor_desc",
			"callback" : "berserkerQOL_callback_ai_armor",
			"items" : [
				"berserkerQOL_default",
				"berserkerQOL_has_berserker",
				"berserkerQOL_always_block"
			],
			"value" : "berserkerQOL_ai_armor_value"
		},
		{
			"type" : "multiple_choice",
			"id" : "berserkerQOL_ai_hp",
			"title" : "berserkerQOL_ai_hp_title",
			"description" : "berserkerQOL_ai_hp_desc",
			"callback" : "berserkerQOL_callback_ai_hp",
			"items" : [
				"berserkerQOL_default",
				"berserkerQOL_has_berserker",
				"berserkerQOL_always_block"
			],
			"value" : "berserkerQOL_ai_hp_value"
		}
	]
}
